imname,label
p1_0.png,1
p1_1.png,1
p1_2.png,1
p1_3.png,1
p1_4.png,1
p1_5.png,1
p1_6.png,1
p1_7.png,1
p1_8.png,1
p1_9.png,1
p1_10.png,1
p1_11.png,1
p1_12.png,1
p1_13.png,1
p1_14.png,1
p1_15.png,1
p1_16.png,1
p1_17.png,1
p1_18.png,1
p1_19.png,1
p1_20.png,1
p1_21.png,1
p1_22.png,1
p1_23.png,1
p1_24.png,1
p1_25.png,1
p1_26.png,1
p1_27.png,1
p1_28.png,1
p1_29.png,1
p1_30.png,1
p1_31.png,1
p1_32.png,1
p1_33.png,1
p1_34.png,1
p1_35.png,1
p1_36.png,1
p1_37.png,1
p1_38.png,1
p1_39.png,1
p1_40.png,1
p1_41.png,1
p1_42.png,1
p1_43.png,1
p1_44.png,1
p1_45.png,1
p1_46.png,1
p1_47.png,1
p1_48.png,1
p1_49.png,1
p1_50.png,1
p1_51.png,1
p1_52.png,1
p1_53.png,1
p1_54.png,1
p1_55.png,1
p1_56.png,1
p1_57.png,1
p1_58.png,1
p1_59.png,1
p1_60.png,1
p1_61.png,1
p1_62.png,1
p1_63.png,1
p1_64.png,1
p1_65.png,1
p1_66.png,1
p1_67.png,1
p1_68.png,1
p1_69.png,1
p1_70.png,1
p1_71.png,1
p1_72.png,1
p1_73.png,1
p1_74.png,1
p1_75.png,1
p1_76.png,1
p1_77.png,1
p1_78.png,1
p1_79.png,1
p1_80.png,1
p1_81.png,1
p1_82.png,1
p1_83.png,1
p1_84.png,1
p1_85.png,1
p1_86.png,1
p1_87.png,1
p1_88.png,1
p1_89.png,1
p1_90.png,1
p1_91.png,1
p1_92.png,1
p1_93.png,1
p1_94.png,1
p1_95.png,1
p1_96.png,1
p1_97.png,1
p1_98.png,1
p1_99.png,1
p1_100.png,1
p1_101.png,1
p1_102.png,1
p1_103.png,1
p1_104.png,1
p1_105.png,1
p1_106.png,1
p1_107.png,1
p1_108.png,1
p1_109.png,1
p1_110.png,1
p1_111.png,1
p1_112.png,1
p1_113.png,1
p1_114.png,1
p1_115.png,1
p1_116.png,1
p1_117.png,1
p1_118.png,1
p1_119.png,1
p1_120.png,1
p1_121.png,1
p1_122.png,1
p1_123.png,1
p1_124.png,1
p1_125.png,1
p1_126.png,1
p1_127.png,1
p1_128.png,1
p1_129.png,1
p1_130.png,1
p1_131.png,1
p1_132.png,1
p1_133.png,1
p1_134.png,1
p1_135.png,1
p1_136.png,1
p1_137.png,1
p1_138.png,1
p1_139.png,1
p1_140.png,1
p1_141.png,1
p1_142.png,1
p1_143.png,1
p1_144.png,1
p1_145.png,1
p1_146.png,1
p1_147.png,1
p1_148.png,1
p1_149.png,1
p1_150.png,1
p1_151.png,1
p1_152.png,1
p1_153.png,1
p1_154.png,1
p1_155.png,1
p1_156.png,1
p1_157.png,1
p1_158.png,1
p1_159.png,1
p1_160.png,1
p1_161.png,1
p1_162.png,1
p1_163.png,1
p1_164.png,1
p1_165.png,1
p1_166.png,1
p1_167.png,1
p1_168.png,1
p1_169.png,1
p1_170.png,1
p1_171.png,1
p1_172.png,1
p1_173.png,1
p1_174.png,1
p1_175.png,1
p1_176.png,1
p1_177.png,1
p1_178.png,1
p1_179.png,1
p1_180.png,1
p1_181.png,1
p1_182.png,1
p1_183.png,1
p1_184.png,1
p1_185.png,1
p1_186.png,1
p1_187.png,1
p1_188.png,1
p1_189.png,1
p1_190.png,1
p1_191.png,1
p1_192.png,1
p1_193.png,1
p1_194.png,1
p1_195.png,1
p1_196.png,1
p1_197.png,1
p1_198.png,1
p1_199.png,1
p1_200.png,1
p1_201.png,1
p1_202.png,1
p1_203.png,1
p1_204.png,1
p1_205.png,1
p1_206.png,1
p1_207.png,1
p1_208.png,1
p1_209.png,1
p1_210.png,1
p1_211.png,1
p1_212.png,1
p1_213.png,1
p1_214.png,1
p1_215.png,1
p1_216.png,1
p1_217.png,1
p1_218.png,1
p1_219.png,1
p1_220.png,1
p1_221.png,1
p1_222.png,1
p1_223.png,1
p1_224.png,1
p1_225.png,1
p1_226.png,1
p1_227.png,1
p1_228.png,1
p1_229.png,1
p1_230.png,1
p1_231.png,1
p1_232.png,1
p1_233.png,1
p1_234.png,1
p1_235.png,1
p1_236.png,1
p1_237.png,1
p1_238.png,1
p1_239.png,1
p1_240.png,1
p1_241.png,1
p1_242.png,1
p1_243.png,1
p1_244.png,1
p1_245.png,1
p1_246.png,1
p1_247.png,1
p1_248.png,1
p1_249.png,1
p1_250.png,1
p1_251.png,1
p1_252.png,1
p1_253.png,1
p1_254.png,1
p1_255.png,1
p1_256.png,1
p1_257.png,1
p1_258.png,1
p1_259.png,1
p1_260.png,1
p1_261.png,1
p1_262.png,1
p1_263.png,1
p1_264.png,1
p1_265.png,1
p1_266.png,1
p1_267.png,1
p1_268.png,1
p1_269.png,1
p1_270.png,1
p1_271.png,1
p1_272.png,1
p1_273.png,1
p1_274.png,1
p1_275.png,1
p2_0.png,2
p2_1.png,2
p2_2.png,2
p2_3.png,2
p2_4.png,2
p2_5.png,2
p2_6.png,2
p2_7.png,2
p2_8.png,2
p2_9.png,2
p2_10.png,2
p2_11.png,2
p2_12.png,2
p2_13.png,2
p2_14.png,2
p2_15.png,2
p2_16.png,2
p2_17.png,2
p2_18.png,2
p2_19.png,2
p2_20.png,2
p2_21.png,2
p2_22.png,2
p2_23.png,2
p2_24.png,2
p2_25.png,2
p2_26.png,2
p2_27.png,2
p2_28.png,2
p2_29.png,2
p2_30.png,2
p2_31.png,2
p2_32.png,2
p2_33.png,2
p2_34.png,2
p2_35.png,2
p2_36.png,2
p2_37.png,2
p2_38.png,2
p2_39.png,2
p2_40.png,2
p2_41.png,2
p2_42.png,2
p2_43.png,2
p2_44.png,2
p2_45.png,2
p2_46.png,2
p2_47.png,2
p2_48.png,2
p2_49.png,2
p2_50.png,2
p2_51.png,2
p2_52.png,2
p2_53.png,2
p2_54.png,2
p2_55.png,2
p2_56.png,2
p2_57.png,2
p2_58.png,2
p2_59.png,2
p2_60.png,2
p2_61.png,2
p2_62.png,2
p2_63.png,2
p2_64.png,2
p2_65.png,2
p2_66.png,2
p2_67.png,2
p2_68.png,2
p2_69.png,2
p2_70.png,2
p2_71.png,2
p2_72.png,2
p2_73.png,2
p2_74.png,2
p2_75.png,2
p2_76.png,2
p2_77.png,2
p2_78.png,2
p2_79.png,2
p2_80.png,2
p2_81.png,2
p2_82.png,2
p2_83.png,2
p2_84.png,2
p2_85.png,2
p2_86.png,2
p2_87.png,2
p2_88.png,2
p2_89.png,2
p2_90.png,2
p2_91.png,2
p2_92.png,2
p2_93.png,2
p2_94.png,2
p2_95.png,2
p2_96.png,2
p2_97.png,2
p2_98.png,2
p2_99.png,2
p2_100.png,2
p2_101.png,2
p2_102.png,2
p2_103.png,2
p2_104.png,2
p2_105.png,2
p2_106.png,2
p2_107.png,2
p2_108.png,2
p2_109.png,2
p2_110.png,2
p2_111.png,2
p2_112.png,2
p2_113.png,2
p2_114.png,2
p2_115.png,2
p2_116.png,2
p2_117.png,2
p2_118.png,2
p2_119.png,2
p2_120.png,2
p2_121.png,2
p2_122.png,2
p2_123.png,2
p2_124.png,2
p2_125.png,2
p2_126.png,2
p2_127.png,2
p2_128.png,2
p2_129.png,2
p2_130.png,2
p2_131.png,2
p2_132.png,2
p2_133.png,2
p2_134.png,2
p2_135.png,2
p2_136.png,2
p2_137.png,2
p2_138.png,2
p2_139.png,2
p2_140.png,2
p2_141.png,2
p2_142.png,2
p2_143.png,2
p2_144.png,2
p2_145.png,2
p2_146.png,2
p2_147.png,2
p2_148.png,2
p2_149.png,2
p2_150.png,2
p2_151.png,2
p2_152.png,2
p2_153.png,2
p2_154.png,2
p2_155.png,2
p2_156.png,2
p2_157.png,2
p2_158.png,2
p2_159.png,2
p2_160.png,2
p2_161.png,2
p2_162.png,2
p2_163.png,2
p2_164.png,2
p2_165.png,2
p2_166.png,2
p2_167.png,2
p2_168.png,2
p2_169.png,2
p2_170.png,2
p2_171.png,2
p2_172.png,2
p2_173.png,2
p2_174.png,2
p2_175.png,2
p2_176.png,2
p2_177.png,2
p2_178.png,2
p2_179.png,2
p2_180.png,2
p2_181.png,2
p2_182.png,2
p2_183.png,2
p2_184.png,2
p2_185.png,2
p2_186.png,2
p2_187.png,2
p2_188.png,2
p2_189.png,2
p2_190.png,2
p2_191.png,2
p2_192.png,2
p2_193.png,2
p2_194.png,2
p2_195.png,2
p2_196.png,2
p2_197.png,2
p2_198.png,2
p2_199.png,2
p2_200.png,2
p2_201.png,2
p2_202.png,2
p2_203.png,2
p2_204.png,2
p2_205.png,2
p2_206.png,2
p2_207.png,2
p2_208.png,2
p2_209.png,2
p2_210.png,2
p2_211.png,2
p2_212.png,2
p2_213.png,2
p2_214.png,2
p2_215.png,2
p2_216.png,2
p2_217.png,2
p2_218.png,2
p2_219.png,2
p2_220.png,2
p2_221.png,2
p2_222.png,2
p2_223.png,2
p2_224.png,2
p2_225.png,2
p2_226.png,2
p2_227.png,2
p2_228.png,2
p2_229.png,2
p2_230.png,2
p2_231.png,2
p2_232.png,2
p2_233.png,2
p2_234.png,2
p2_235.png,2
p2_236.png,2
p2_237.png,2
p2_238.png,2
p2_239.png,2
p2_240.png,2
p2_241.png,2
p2_242.png,2
p2_243.png,2
p2_244.png,2
p2_245.png,2
p3_0.png,3
p3_1.png,3
p3_2.png,3
p3_3.png,3
p3_4.png,3
p3_5.png,3
p3_6.png,3
p3_7.png,3
p3_8.png,3
p3_9.png,3
p3_10.png,3
p3_11.png,3
p3_12.png,3
p3_13.png,3
p3_14.png,3
p3_15.png,3
p3_16.png,3
p3_17.png,3
p3_18.png,3
p3_19.png,3
p3_20.png,3
p3_21.png,3
p3_22.png,3
p3_23.png,3
p3_24.png,3
p3_25.png,3
p3_26.png,3
p3_27.png,3
p3_28.png,3
p3_29.png,3
p3_30.png,3
p3_31.png,3
p3_32.png,3
p3_33.png,3
p3_34.png,3
p3_35.png,3
p3_36.png,3
p3_37.png,3
p3_38.png,3
p3_39.png,3
p3_40.png,3
p3_41.png,3
p3_42.png,3
p3_43.png,3
p3_44.png,3
p3_45.png,3
p3_46.png,3
p3_47.png,3
p3_48.png,3
p3_49.png,3
p3_50.png,3
p3_51.png,3
p3_52.png,3
p3_53.png,3
p3_54.png,3
p3_55.png,3
p3_56.png,3
p3_57.png,3
p3_58.png,3
p3_59.png,3
p3_60.png,3
p3_61.png,3
p3_62.png,3
p3_63.png,3
p3_64.png,3
p3_65.png,3
p3_66.png,3
p3_67.png,3
p3_68.png,3
p3_69.png,3
p3_70.png,3
p3_71.png,3
p3_72.png,3
p3_73.png,3
p3_74.png,3
p3_75.png,3
p3_76.png,3
p3_77.png,3
p3_78.png,3
p3_79.png,3
p3_80.png,3
p3_81.png,3
p3_82.png,3
p3_83.png,3
p3_84.png,3
p3_85.png,3
p3_86.png,3
p3_87.png,3
p3_88.png,3
p3_89.png,3
p3_90.png,3
p3_91.png,3
p3_92.png,3
p3_93.png,3
p3_94.png,3
p3_95.png,3
p3_96.png,3
p3_97.png,3
p3_98.png,3
p3_99.png,3
p3_100.png,3
p3_101.png,3
p3_102.png,3
p3_103.png,3
p3_104.png,3
p3_105.png,3
p3_106.png,3
p3_107.png,3
p3_108.png,3
p3_109.png,3
p3_110.png,3
p3_111.png,3
p3_112.png,3
p3_113.png,3
p3_114.png,3
p3_115.png,3
p3_116.png,3
p3_117.png,3
p3_118.png,3
p3_119.png,3
p3_120.png,3
p3_121.png,3
p3_122.png,3
p3_123.png,3
p3_124.png,3
p3_125.png,3
p3_126.png,3
p3_127.png,3
p3_128.png,3
p3_129.png,3
p3_130.png,3
p3_131.png,3
p3_132.png,3
p3_133.png,3
p3_134.png,3
p3_135.png,3
p3_136.png,3
p3_137.png,3
p3_138.png,3
p3_139.png,3
p3_140.png,3
p3_141.png,3
p3_142.png,3
p3_143.png,3
p3_144.png,3
p3_145.png,3
p3_146.png,3
p3_147.png,3
p3_148.png,3
p3_149.png,3
p3_150.png,3
p3_151.png,3
p3_152.png,3
p3_153.png,3
p3_154.png,3
p3_155.png,3
p3_156.png,3
p3_157.png,3
p3_158.png,3
p3_159.png,3
p3_160.png,3
p3_161.png,3
p3_162.png,3
p3_163.png,3
p3_164.png,3
p3_165.png,3
p3_166.png,3
p3_167.png,3
p3_168.png,3
p3_169.png,3
p3_170.png,3
p3_171.png,3
p3_172.png,3
p3_173.png,3
p3_174.png,3
p3_175.png,3
p3_176.png,3
p3_177.png,3
p3_178.png,3
p3_179.png,3
p3_180.png,3
p3_181.png,3
p3_182.png,3
p3_183.png,3
p3_184.png,3
p3_185.png,3
p3_186.png,3
p3_187.png,3
p3_188.png,3
p3_189.png,3
p3_190.png,3
p3_191.png,3
p3_192.png,3
p3_193.png,3
p3_194.png,3
p3_195.png,3
p3_196.png,3
p3_197.png,3
p4_0.png,4
p4_1.png,4
p4_2.png,4
p4_3.png,4
p4_4.png,4
p4_5.png,4
p4_6.png,4
p4_7.png,4
p4_8.png,4
p4_9.png,4
p4_10.png,4
p4_11.png,4
p4_12.png,4
p4_13.png,4
p4_14.png,4
p4_15.png,4
p4_16.png,4
p4_17.png,4
p4_18.png,4
p4_19.png,4
p4_20.png,4
p4_21.png,4
p4_22.png,4
p4_23.png,4
p4_24.png,4
p4_25.png,4
p4_26.png,4
p4_27.png,4
p4_28.png,4
p4_29.png,4
p4_30.png,4
p4_31.png,4
p4_32.png,4
p4_33.png,4
p4_34.png,4
p4_35.png,4
p4_36.png,4
p4_37.png,4
p4_38.png,4
p4_39.png,4
p4_40.png,4
p4_41.png,4
p4_42.png,4
p4_43.png,4
p4_44.png,4
p4_45.png,4
p4_46.png,4
p4_47.png,4
p4_48.png,4
p4_49.png,4
p4_50.png,4
p4_51.png,4
p4_52.png,4
p4_53.png,4
p4_54.png,4
p4_55.png,4
p4_56.png,4
p4_57.png,4
p4_58.png,4
p4_59.png,4
p4_60.png,4
p4_61.png,4
p4_62.png,4
p4_63.png,4
p4_64.png,4
p4_65.png,4
p4_66.png,4
p4_67.png,4
p4_68.png,4
p4_69.png,4
p4_70.png,4
p4_71.png,4
p4_72.png,4
p4_73.png,4
p4_74.png,4
p4_75.png,4
p4_76.png,4
p4_77.png,4
p4_78.png,4
p4_79.png,4
p4_80.png,4
p4_81.png,4
p4_82.png,4
p4_83.png,4
p4_84.png,4
p4_85.png,4
p4_86.png,4
p4_87.png,4
p4_88.png,4
p4_89.png,4
p4_90.png,4
p4_91.png,4
p4_92.png,4
p4_93.png,4
p4_94.png,4
p4_95.png,4
p4_96.png,4
p4_97.png,4
p4_98.png,4
p4_99.png,4
p4_100.png,4
p4_101.png,4
p4_102.png,4
p4_103.png,4
p4_104.png,4
p4_105.png,4
p4_106.png,4
p4_107.png,4
p4_108.png,4
p4_109.png,4
p4_110.png,4
p4_111.png,4
p5_0.png,5
p5_1.png,5
p5_2.png,5
p5_3.png,5
p5_4.png,5
p5_5.png,5
p5_6.png,5
p5_7.png,5
p5_8.png,5
p5_9.png,5
p5_10.png,5
p5_11.png,5
p5_12.png,5
p5_13.png,5
p5_14.png,5
p5_15.png,5
p5_16.png,5
p5_17.png,5
p5_18.png,5
p5_19.png,5
p5_20.png,5
p5_21.png,5
p5_22.png,5
p5_23.png,5
p5_24.png,5
p5_25.png,5
p5_26.png,5
p5_27.png,5
p5_28.png,5
p5_29.png,5
p5_30.png,5
p5_31.png,5
p5_32.png,5
p5_33.png,5
p5_34.png,5
p5_35.png,5
p5_36.png,5
p5_37.png,5
p5_38.png,5
p5_39.png,5
p5_40.png,5
p5_41.png,5
p5_42.png,5
p5_43.png,5
p5_44.png,5
p5_45.png,5
p5_46.png,5
p5_47.png,5
p5_48.png,5
p5_49.png,5
p5_50.png,5
p5_51.png,5
p5_52.png,5
p5_53.png,5
p5_54.png,5
p5_55.png,5
p5_56.png,5
p5_57.png,5
p5_58.png,5
p5_59.png,5
p5_60.png,5
p5_61.png,5
p5_62.png,5
p5_63.png,5
p5_64.png,5
p5_65.png,5
p5_66.png,5
p5_67.png,5
p5_68.png,5
p5_69.png,5
p5_70.png,5
p5_71.png,5
p5_72.png,5
p5_73.png,5
p5_74.png,5
p5_75.png,5
p5_76.png,5
p5_77.png,5
p5_78.png,5
p5_79.png,5
p5_80.png,5
p6_0.png,6
p6_1.png,6
p6_2.png,6
p6_3.png,6
p6_4.png,6
p6_5.png,6
p6_6.png,6
p6_7.png,6
p6_8.png,6
p6_9.png,6
p6_10.png,6
p6_11.png,6
p6_12.png,6
p6_13.png,6
p6_14.png,6
p6_15.png,6
p6_16.png,6
p6_17.png,6
p6_18.png,6
p6_19.png,6
p6_20.png,6
p6_21.png,6
p6_22.png,6
p6_23.png,6
p6_24.png,6
p6_25.png,6
p6_26.png,6
p6_27.png,6
p6_28.png,6
p6_29.png,6
p7_0.png,7
p7_1.png,7
p7_2.png,7
p7_3.png,7
p7_4.png,7
p7_5.png,7
p7_6.png,7
p7_7.png,7
p7_8.png,7
p7_9.png,7
p7_10.png,7
p7_11.png,7
p7_12.png,7
p7_13.png,7
p7_14.png,7
p7_15.png,7
p7_16.png,7
p7_17.png,7
p7_18.png,7
p7_19.png,7
p7_20.png,7
p7_21.png,7
p7_22.png,7
p7_23.png,7
p7_24.png,7
p7_25.png,7
p7_26.png,7
p7_27.png,7
p7_28.png,7
p7_29.png,7
p7_30.png,7
p7_31.png,7
p7_32.png,7
p7_33.png,7
p7_34.png,7
p7_35.png,7
p7_36.png,7
p7_37.png,7
p7_38.png,7
p7_39.png,7
p7_40.png,7
p7_41.png,7
p7_42.png,7
p7_43.png,7
p7_44.png,7
p7_45.png,7
p7_46.png,7
p7_47.png,7
p7_48.png,7
p7_49.png,7
p7_50.png,7
p7_51.png,7
p7_52.png,7
p7_53.png,7
p7_54.png,7
p7_55.png,7
p7_56.png,7
p7_57.png,7
p7_58.png,7
p7_59.png,7
p7_60.png,7
p7_61.png,7
p7_62.png,7
p7_63.png,7
p7_64.png,7
p7_65.png,7
p7_66.png,7
p7_67.png,7
p7_68.png,7
p7_69.png,7
p7_70.png,7
p7_71.png,7
p7_72.png,7
p7_73.png,7
p7_74.png,7
p7_75.png,7
p7_76.png,7
p7_77.png,7
p7_78.png,7
p7_79.png,7
p7_80.png,7
p7_81.png,7
p7_82.png,7
p7_83.png,7
p7_84.png,7
p7_85.png,7
p7_86.png,7
p7_87.png,7
p7_88.png,7
p7_89.png,7
p7_90.png,7
p7_91.png,7
p7_92.png,7
p7_93.png,7
p7_94.png,7
p7_95.png,7
p7_96.png,7
p7_97.png,7
p7_98.png,7
p7_99.png,7
p7_100.png,7
p7_101.png,7
p7_102.png,7
p7_103.png,7
p7_104.png,7
p7_105.png,7
p7_106.png,7
p7_107.png,7
p7_108.png,7
p7_109.png,7
p7_110.png,7
p7_111.png,7
p7_112.png,7
p7_113.png,7
p7_114.png,7
p7_115.png,7
p7_116.png,7
p7_117.png,7
p7_118.png,7
p7_119.png,7
p7_120.png,7
p7_121.png,7
p7_122.png,7
p7_123.png,7
p7_124.png,7
p7_125.png,7
p7_126.png,7
p7_127.png,7
p7_128.png,7
p7_129.png,7
p7_130.png,7
p7_131.png,7
p7_132.png,7
p7_133.png,7
p7_134.png,7
p7_135.png,7
p9_0.png,9
p9_1.png,9
p9_2.png,9
p9_3.png,9
p9_4.png,9
p9_5.png,9
p9_6.png,9
p9_7.png,9
p9_8.png,9
p9_9.png,9
p9_10.png,9
p9_11.png,9
p9_12.png,9
p9_13.png,9
p9_14.png,9
p9_15.png,9
p9_16.png,9
p9_17.png,9
p9_18.png,9
p9_19.png,9
p9_20.png,9
p9_21.png,9
p9_22.png,9
p9_23.png,9
p9_24.png,9
p9_25.png,9
p9_26.png,9
p9_27.png,9
p9_28.png,9
p9_29.png,9
p9_30.png,9
p9_31.png,9
p9_32.png,9
p9_33.png,9
p9_34.png,9
p9_35.png,9
p9_36.png,9
p9_37.png,9
p9_38.png,9
p10_0.png,10
p10_1.png,10
p10_2.png,10
p10_3.png,10
p10_4.png,10
p10_5.png,10
p10_6.png,10
p10_7.png,10
p10_8.png,10
p10_9.png,10
p10_10.png,10
p10_11.png,10
p10_12.png,10
p10_13.png,10
p10_14.png,10
p10_15.png,10
p10_16.png,10
p10_17.png,10
p10_18.png,10
p10_19.png,10
p10_20.png,10
p10_21.png,10
p10_22.png,10
p10_23.png,10
p10_24.png,10
p10_25.png,10
p10_26.png,10
p10_27.png,10
p10_28.png,10
p10_29.png,10
p10_30.png,10
p10_31.png,10
p10_32.png,10
p10_33.png,10
p10_34.png,10
p10_35.png,10
p10_36.png,10
p10_37.png,10
p10_38.png,10
p10_39.png,10
p10_40.png,10
p10_41.png,10
p10_42.png,10
p10_43.png,10
p10_44.png,10
p10_45.png,10
p10_46.png,10
p10_47.png,10
p10_48.png,10
p10_49.png,10
p10_50.png,10
p10_51.png,10
p10_52.png,10
p10_53.png,10
p10_54.png,10
p10_55.png,10
p10_56.png,10
p10_57.png,10
p10_58.png,10
p10_59.png,10
p10_60.png,10
p10_61.png,10
p10_62.png,10
p10_63.png,10
p10_64.png,10
p10_65.png,10
p10_66.png,10
p10_67.png,10
p10_68.png,10
p10_69.png,10
p10_70.png,10
p10_71.png,10
p10_72.png,10
p10_73.png,10